{"422": -2.9424176182195834, "390": 0.1349620077598778}