{"422": -1.8632588760281603, "390": 9.99433300001447}