{"422": 0.5354487982790016, "390": 0.1358720077792615}