{"422": 0.9545336176522803, "390": 1.9467232549159106}